records,frag
154491, 0.230009
1, 0.167186
