records,frag
505693, 0.315014
732, 0.090420
0, 0.089988
