records,frag
184578, 0.235011
0, 0.159236
