records,frag
511959, 0.429970
255892, 0.239970
35583, 0.088036
1, 0.061962
