records,frag
511234, 0.335014
8040, 0.113795
0, 0.109134
