records,frag
77, 0.139997
1, 0.139965
