records,frag
286, 0.149998
0, 0.149879
