records,frag
216022, 0.239989
0, 0.150371
