records,frag
127155, 0.225012
1, 0.173711
