records,frag
510778, 0.454327
255389, 0.272726
124598, 0.127550
825, 0.033415
1, 0.032725
