records,frag
511999, 0.404965
246765, 0.206621
477, 0.054766
1, 0.054417
