records,frag
18, 0.129992
0, 0.129984
