records,frag
507949, 0.320011
1342, 0.095733
0, 0.094944
