records,frag
511696, 0.444803
255848, 0.259811
103278, 0.111844
17, 0.033882
1, 0.033869
