records,frag
243117, 0.315173
121559, 0.183779
60780, 0.097167
30390, 0.046582
15192, 0.019102
0, 0.004763
