records,frag
9, 0.124984
1, 0.124981
