records,frag
511996, 0.414973
253992, 0.219964
3798, 0.065423
0, 0.062646
