records,frag
1067, 0.159989
1, 0.159551
