records,frag
34233, 0.199978
1, 0.186379
