records,frag
511872, 0.350011
32338, 0.133421
0, 0.114786
