records,frag
458072, 0.285006
9, 0.079010
1, 0.079005
