records,frag
512000, 0.409977
251481, 0.213303
1418, 0.059285
0, 0.058246
