records,frag
24400, 0.194972
0, 0.185265
