records,frag
511381, 0.449647
255691, 0.266345
117671, 0.119756
111, 0.030620
1, 0.030528
