records,frag
441144, 0.280006
1, 0.082340
