records,frag
502368, 0.310014
350, 0.085752
0, 0.085545
