records,frag
492816, 0.464942
246408, 0.291101
123204, 0.153603
54947, 0.062704
12, 0.015554
0, 0.015543
