records,frag
615, 0.154996
1, 0.154743
