records,frag
4947, 0.174982
1, 0.172985
