records,frag
511938, 0.355008
47268, 0.140045
0, 0.112743
