records,frag
511746, 0.345018
21207, 0.126836
1, 0.114614
