records,frag
371894, 0.409138
185947, 0.251721
92974, 0.136725
46487, 0.064868
20185, 0.024260
1, 0.005509
