records,frag
512000, 0.384988
190377, 0.179984
4, 0.063970
0, 0.063968
