records,frag
398687, 0.269995
1, 0.093532
