records,frag
511543, 0.340021
13280, 0.120291
0, 0.112621
