records,frag
1786, 0.164983
0, 0.164254
