records,frag
511864, 0.439905
255931, 0.253239
82026, 0.103920
0, 0.042561
