records,frag
149, 0.144994
1, 0.144933
