records,frag
510519, 0.330010
4670, 0.107541
0, 0.104822
