records,frag
511988, 0.424997
255722, 0.233332
19473, 0.080197
1, 0.065992
