records,frag
248800, 0.244988
0, 0.140583
