records,frag
511990, 0.369995
113529, 0.159998
1, 0.092958
