records,frag
102174, 0.220007
0, 0.179050
