records,frag
17024, 0.189978
0, 0.183188
