records,frag
511975, 0.360006
66292, 0.146689
0, 0.108200
