records,frag
511947, 0.434956
255954, 0.246622
57734, 0.095973
0, 0.053271
