records,frag
44, 0.134996
0, 0.134978
