records,frag
344061, 0.259999
1, 0.110577
