records,frag
491475, 0.300020
62, 0.079001
0, 0.078965
