records,frag
80541, 0.214993
1, 0.182858
