records,frag
509647, 0.458726
254824, 0.278855
126827, 0.135157
4640, 0.039944
0, 0.036062
