records,frag
372526, 0.264994
0, 0.101572
