records,frag
512001, 0.399976
239078, 0.199968
145, 0.052488
1, 0.052383
