records,frag
511999, 0.379995
166114, 0.173327
0, 0.073084
