records,frag
2996, 0.169987
0, 0.168771
