records,frag
439498, 0.445723
219749, 0.279270
109875, 0.151931
54931, 0.069752
6843, 0.022392
1, 0.016153
