records,frag
421714, 0.274997
0, 0.086996
