records,frag
46644, 0.204985
0, 0.186456
