records,frag
62042, 0.209983
0, 0.185303
