records,frag
11617, 0.184975
1, 0.180326
