records,frag
511996, 0.419991
255204, 0.226655
9147, 0.072563
1, 0.065892
