records,frag
509516, 0.325011
2615, 0.101468
1, 0.099939
