records,frag
281512, 0.250001
0, 0.130480
