records,frag
507133, 0.462413
253567, 0.284357
126695, 0.142320
16588, 0.047902
1, 0.033978
