records,frag
511987, 0.364997
88387, 0.153337
1, 0.101643
