records,frag
512000, 0.389984
210603, 0.186645
11, 0.057406
1, 0.057398
