records,frag
497739, 0.305008
171, 0.081869
1, 0.081769
