records,frag
472004, 0.290005
7, 0.077365
1, 0.077361
