records,frag
313346, 0.255006
0, 0.120431
