records,frag
482729, 0.295020
35, 0.077605
1, 0.077585
