records,frag
512000, 0.394977
227139, 0.193303
35, 0.053310
1, 0.053285
