records,frag
511997, 0.374998
139977, 0.166666
1, 0.083110
