records,frag
474719, 0.460316
237360, 0.289371
118680, 0.155647
58764, 0.067951
469, 0.017421
1, 0.016996
