records,frag
7670, 0.179973
0, 0.176890
