records,frag
502141, 0.464819
251071, 0.288731
125530, 0.148678
37565, 0.055713
1, 0.023814
