records,frag
511866, 0.274997
170911, 0.130042
56820, 0.067811
18710, 0.045102
6084, 0.037381
1894, 0.034843
555, 0.034050
128, 0.033818
25, 0.033765
3, 0.033755
