records,frag
512000, 0.340020
276474, 0.208025
91871, 0.112138
41819, 0.074921
15511, 0.056927
7085, 0.050074
2611, 0.046911
1177, 0.045740
438, 0.045212
194, 0.045015
71, 0.044928
35, 0.044897
14, 0.044883
6, 0.044877
3, 0.044874
