records,frag
508616, 0.244988
153056, 0.095183
34562, 0.037728
4235, 0.023730
215, 0.021987
2, 0.021899
