records,frag
13112, 0.114979
2, 0.111186
