records,frag
488755, 0.220007
81102, 0.072431
3497, 0.042366
23, 0.041026
2, 0.041018
