records,frag
512001, 0.350012
305160, 0.220014
102116, 0.114455
42809, 0.072449
18540, 0.053631
7642, 0.045241
3353, 0.041740
1341, 0.040196
615, 0.039577
235, 0.039293
114, 0.039185
40, 0.039132
26, 0.039114
10, 0.039103
4, 0.039099
