records,frag
512000, 0.394977
341235, 0.273973
153286, 0.162314
64815, 0.100147
36951, 0.070994
15705, 0.053513
7207, 0.045883
3776, 0.042340
1507, 0.040474
769, 0.039728
404, 0.039347
141, 0.039147
86, 0.039077
39, 0.039035
18, 0.039016
10, 0.039007
4, 0.039002
