records,frag
30632, 0.124984
2, 0.116172
