records,frag
232574, 0.164983
340, 0.096588
1, 0.096481
