records,frag
512000, 0.379995
339798, 0.255994
129365, 0.142126
68462, 0.089048
27076, 0.058211
13551, 0.045432
5589, 0.038904
2656, 0.036186
1196, 0.034890
518, 0.034305
253, 0.034053
106, 0.033929
52, 0.033878
23, 0.033853
11, 0.033842
6, 0.033838
3, 0.033835
