records,frag
266819, 0.169989
716, 0.091042
2, 0.090811
