records,frag
511994, 0.300020
180463, 0.160027
62906, 0.096325
21741, 0.071787
7499, 0.062993
2602, 0.059922
906, 0.058852
313, 0.058479
108, 0.058350
37, 0.058306
13, 0.058291
5, 0.058286
