records,frag
511998, 0.399974
341289, 0.279969
162476, 0.169212
64527, 0.103567
36820, 0.074524
18627, 0.057093
6791, 0.048023
3921, 0.044673
2063, 0.042728
754, 0.041702
427, 0.041327
224, 0.041114
83, 0.041003
46, 0.040963
27, 0.040941
9, 0.040927
6, 0.040923
2, 0.040920
