records,frag
502296, 0.464901
334864, 0.359108
223243, 0.261811
148751, 0.178685
84554, 0.112062
46875, 0.069141
25537, 0.043509
12813, 0.028942
6343, 0.021465
3172, 0.017721
1545, 0.015838
740, 0.014918
379, 0.014478
213, 0.014252
125, 0.014125
71, 0.014052
43, 0.014011
24, 0.013986
13, 0.013971
7, 0.013964
3, 0.013961
