records,frag
511856, 0.439900
341238, 0.327900
226685, 0.224519
110991, 0.136263
58696, 0.085292
25362, 0.055827
11979, 0.042499
7120, 0.036073
4155, 0.032212
2135, 0.029945
900, 0.028777
443, 0.028283
267, 0.028041
145, 0.027894
77, 0.027815
30, 0.027774
17, 0.027758
11, 0.027749
7, 0.027744
4, 0.027741
