records,frag
439797, 0.445897
293198, 0.345013
195466, 0.254531
130311, 0.178912
86871, 0.119357
53285, 0.074613
28379, 0.044846
17294, 0.028198
9262, 0.017766
5091, 0.012086
2718, 0.008936
1361, 0.007245
709, 0.006398
376, 0.005956
177, 0.005722
95, 0.005611
49, 0.005553
25, 0.005523
13, 0.005508
9, 0.005501
5, 0.005495
