records,frag
504353, 0.235010
131047, 0.084747
18026, 0.035522
874, 0.028335
21, 0.027984
0, 0.027975
