records,frag
512001, 0.369996
335381, 0.243995
118518, 0.130022
63623, 0.081065
22444, 0.052441
12524, 0.041914
4461, 0.035938
2417, 0.033791
846, 0.032624
490, 0.032215
176, 0.031978
93, 0.031894
32, 0.031849
20, 0.031835
8, 0.031826
6, 0.031823
3, 0.031820
