records,frag
511995, 0.419990
341330, 0.303989
204815, 0.196912
90604, 0.115236
39964, 0.073555
23534, 0.053896
10799, 0.041925
5117, 0.036330
2627, 0.033657
1398, 0.032279
564, 0.031544
293, 0.031247
174, 0.031093
77, 0.031002
33, 0.030962
20, 0.030945
11, 0.030935
6, 0.030931
3, 0.030927
