records,frag
511964, 0.429972
341310, 0.315972
221063, 0.210742
101107, 0.123398
47435, 0.076664
24915, 0.052978
14616, 0.040043
6139, 0.032289
2967, 0.028995
1814, 0.027395
930, 0.026415
398, 0.025911
190, 0.025696
115, 0.025594
65, 0.025532
28, 0.025498
15, 0.025483
9, 0.025475
4, 0.025470
