records,frag
512000, 0.384988
340611, 0.261986
136208, 0.148723
67909, 0.093064
30291, 0.062503
12673, 0.048197
6822, 0.042082
2813, 0.038757
1309, 0.037380
582, 0.036738
271, 0.036452
128, 0.036319
55, 0.036258
27, 0.036231
16, 0.036218
6, 0.036210
3, 0.036207
