records,frag
474911, 0.460421
316608, 0.357336
211072, 0.263536
140715, 0.184151
93412, 0.120984
49203, 0.073357
30104, 0.046134
15595, 0.028676
8843, 0.019378
4674, 0.014028
2306, 0.011175
1255, 0.009763
659, 0.008993
314, 0.008589
150, 0.008397
79, 0.008304
45, 0.008256
26, 0.008229
15, 0.008214
10, 0.008205
5, 0.008199
