records,frag
495479, 0.225012
98846, 0.075979
6696, 0.039116
99, 0.036512
0, 0.036474
