records,frag
301153, 0.174980
1535, 0.085312
2, 0.084806
