records,frag
126, 0.079999
0, 0.079961
