records,frag
8, 0.065004
2, 0.065002
