records,frag
512000, 0.330010
244042, 0.196013
84733, 0.111294
37121, 0.077545
13455, 0.061939
5521, 0.056151
2089, 0.053756
849, 0.052847
334, 0.052477
131, 0.052331
53, 0.052275
24, 0.052253
10, 0.052242
4, 0.052238
