records,frag
4737, 0.104975
0, 0.103593
