records,frag
511975, 0.290006
174155, 0.148016
59064, 0.085827
19966, 0.062621
6745, 0.054508
2278, 0.051736
769, 0.050797
256, 0.050479
87, 0.050374
29, 0.050338
11, 0.050327
5, 0.050323
