records,frag
511526, 0.264994
169152, 0.118156
54861, 0.055779
16821, 0.033608
4498, 0.026600
886, 0.024709
113, 0.024336
7, 0.024290
1, 0.024287
