records,frag
363772, 0.184975
5367, 0.075501
3, 0.073665
