records,frag
43722, 0.129992
0, 0.117431
