records,frag
2581, 0.099964
1, 0.099208
