records,frag
165155, 0.154996
77, 0.106987
2, 0.106964
