records,frag
512000, 0.364997
331190, 0.237997
114463, 0.124768
58315, 0.077386
20070, 0.051219
11961, 0.041866
4169, 0.036204
2114, 0.034216
722, 0.033205
438, 0.032860
151, 0.032650
78, 0.032578
27, 0.032540
16, 0.032527
6, 0.032520
2, 0.032517
