records,frag
20245, 0.119978
1, 0.114140
