records,frag
511737, 0.269994
170183, 0.124083
56070, 0.061715
18095, 0.039174
5524, 0.031668
1508, 0.029353
347, 0.028720
47, 0.028575
4, 0.028556
