records,frag
512000, 0.360006
324803, 0.232007
110477, 0.120409
52859, 0.074675
19053, 0.051068
10773, 0.042261
3668, 0.037208
1899, 0.035476
650, 0.034577
376, 0.034270
129, 0.034092
60, 0.034031
23, 0.034002
13, 0.033992
5, 0.033986
