records,frag
510841, 0.454361
340561, 0.345382
227038, 0.244829
137858, 0.158676
69676, 0.096059
37410, 0.060727
17077, 0.040592
7916, 0.031111
4324, 0.026654
2628, 0.024201
1350, 0.022705
685, 0.021934
319, 0.021543
153, 0.021361
83, 0.021274
47, 0.021227
30, 0.021201
15, 0.021184
8, 0.021176
4, 0.021172
