records,frag
511955, 0.285006
172651, 0.142023
58048, 0.079976
19484, 0.057049
6528, 0.049096
2178, 0.046401
724, 0.045499
240, 0.045199
78, 0.045099
24, 0.045067
7, 0.045057
3, 0.045054
