records,frag
133931, 0.149996
24, 0.111249
0, 0.111242
