records,frag
511999, 0.404965
341313, 0.285959
172282, 0.176114
66628, 0.106753
35281, 0.076692
20805, 0.059940
7805, 0.049773
4265, 0.045903
2024, 0.043775
793, 0.042763
457, 0.042366
248, 0.042137
95, 0.042013
53, 0.041967
26, 0.041941
12, 0.041929
7, 0.041923
3, 0.041920
