records,frag
511706, 0.444809
341138, 0.333809
227227, 0.231360
117564, 0.143640
64237, 0.089902
29400, 0.057590
13430, 0.042023
7339, 0.034740
4212, 0.030714
2043, 0.028387
993, 0.027255
484, 0.026703
246, 0.026435
142, 0.026298
69, 0.026220
30, 0.026181
18, 0.026165
9, 0.026155
5, 0.026150
