records,frag
415664, 0.194972
14735, 0.069002
37, 0.063810
1, 0.063797
