records,frag
512000, 0.374998
338284, 0.249998
123373, 0.135801
67146, 0.084991
24652, 0.054743
13390, 0.043130
5010, 0.036703
2656, 0.034275
991, 0.032984
542, 0.032501
199, 0.032238
111, 0.032142
40, 0.032087
22, 0.032068
9, 0.032058
5, 0.032054
