records,frag
8021, 0.109986
3, 0.107656
