records,frag
684, 0.089975
0, 0.089772
