records,frag
60545, 0.134995
2, 0.117605
