records,frag
512000, 0.345018
291563, 0.214023
97097, 0.113002
41945, 0.073338
17032, 0.055086
7368, 0.047467
2951, 0.044133
1289, 0.042792
511, 0.042206
227, 0.041973
86, 0.041871
39, 0.041832
17, 0.041814
8, 0.041808
4, 0.041805
