records,frag
507089, 0.462390
338060, 0.355490
225374, 0.256995
149341, 0.172711
76480, 0.105471
45388, 0.066620
22809, 0.041927
11065, 0.029017
5637, 0.022629
2690, 0.019341
1317, 0.017766
742, 0.016992
439, 0.016557
242, 0.016299
138, 0.016158
66, 0.016076
33, 0.016037
15, 0.016018
9, 0.016009
5, 0.016004
