records,frag
510700, 0.255006
164694, 0.106461
48221, 0.045057
11112, 0.025450
1531, 0.020817
114, 0.020175
4, 0.020127
