records,frag
512000, 0.335014
260065, 0.202018
86627, 0.111787
41347, 0.077024
14407, 0.059454
6506, 0.053174
2337, 0.050311
997, 0.049278
370, 0.048837
156, 0.048674
56, 0.048604
28, 0.048581
10, 0.048569
5, 0.048565
