records,frag
512000, 0.389984
341053, 0.267981
144548, 0.155470
66220, 0.096623
34555, 0.066834
13356, 0.050497
7074, 0.044027
3346, 0.040565
1268, 0.038919
737, 0.038295
331, 0.037932
139, 0.037769
77, 0.037701
37, 0.037664
15, 0.037646
9, 0.037638
4, 0.037634
