records,frag
512000, 0.355008
316237, 0.226010
106448, 0.116924
47338, 0.072944
18799, 0.051947
9029, 0.043342
3254, 0.039154
1813, 0.037637
618, 0.036789
299, 0.036500
106, 0.036361
64, 0.036311
23, 0.036282
10, 0.036272
6, 0.036268
2, 0.036265
