records,frag
511983, 0.424994
341322, 0.309995
214025, 0.203843
96511, 0.118842
43079, 0.074274
24637, 0.052892
12753, 0.040214
5677, 0.033517
2598, 0.030506
1475, 0.029122
764, 0.028335
328, 0.027927
160, 0.027752
93, 0.027667
50, 0.027618
25, 0.027592
10, 0.027579
6, 0.027574
4, 0.027571
