records,frag
512000, 0.414975
341333, 0.297970
193922, 0.189967
83166, 0.112386
37863, 0.074366
21209, 0.055956
9109, 0.045321
4493, 0.040680
2520, 0.038375
1127, 0.037076
488, 0.036495
283, 0.036244
137, 0.036098
61, 0.036029
31, 0.035998
18, 0.035982
8, 0.035973
4, 0.035970
