records,frag
479601, 0.214992
63464, 0.069763
1720, 0.046420
10, 0.045771
1, 0.045768
