records,frag
1372, 0.094967
1, 0.094563
