records,frag
511991, 0.295020
176699, 0.154028
60577, 0.091308
20706, 0.067610
7052, 0.059223
2390, 0.056333
822, 0.055350
278, 0.055011
96, 0.054898
33, 0.054858
11, 0.054844
5, 0.054841
