records,frag
506930, 0.239989
143781, 0.089790
25941, 0.035740
2034, 0.025297
49, 0.024469
1, 0.024450
