records,frag
511999, 0.315014
202776, 0.178017
74096, 0.107307
26986, 0.078337
9824, 0.067313
3628, 0.063235
1336, 0.061720
491, 0.061161
176, 0.060957
60, 0.060884
22, 0.060858
9, 0.060850
4, 0.060846
