records,frag
511254, 0.259999
167453, 0.112257
52331, 0.050144
14412, 0.028912
3059, 0.022896
362, 0.021611
24, 0.021459
1, 0.021449
