records,frag
283, 0.084984
1, 0.084900
