records,frag
511408, 0.449662
340939, 0.339671
227258, 0.238164
126915, 0.151190
67799, 0.093387
32939, 0.059162
15028, 0.041585
7420, 0.033345
4197, 0.029225
2403, 0.026878
1336, 0.025530
701, 0.024779
313, 0.024385
152, 0.024210
82, 0.024125
49, 0.024079
25, 0.024052
10, 0.024039
7, 0.024034
4, 0.024030
