records,frag
371882, 0.409131
247922, 0.312747
165282, 0.228891
110188, 0.160610
73459, 0.107951
48800, 0.069014
25628, 0.041213
16047, 0.025938
8456, 0.016122
5175, 0.010871
2694, 0.007629
1461, 0.005933
800, 0.005010
399, 0.004506
218, 0.004253
123, 0.004117
61, 0.004039
34, 0.004001
16, 0.003980
8, 0.003970
6, 0.003967
4, 0.003963
