records,frag
509947, 0.250001
159978, 0.100723
42271, 0.040831
7401, 0.023650
616, 0.020578
23, 0.020322
3, 0.020314
