records,frag
511999, 0.409977
341329, 0.291972
182915, 0.183047
74714, 0.109644
36155, 0.075723
19375, 0.058363
7660, 0.048789
3941, 0.044951
2443, 0.042964
952, 0.041729
496, 0.041247
269, 0.040996
104, 0.040860
57, 0.040808
32, 0.040779
12, 0.040764
8, 0.040758
4, 0.040755
