records,frag
511930, 0.434947
341287, 0.321946
224913, 0.217640
105791, 0.129379
52755, 0.080593
24666, 0.054162
13772, 0.041276
6845, 0.033928
2974, 0.030234
1470, 0.028621
852, 0.027821
496, 0.027357
241, 0.027087
100, 0.026956
56, 0.026902
32, 0.026873
19, 0.026856
10, 0.026847
4, 0.026842
