records,frag
512000, 0.320011
214679, 0.184013
78647, 0.109323
29536, 0.078420
11067, 0.066253
4212, 0.061611
1568, 0.059832
599, 0.059169
223, 0.058916
81, 0.058822
31, 0.058787
11, 0.058775
5, 0.058771
