records,frag
436413, 0.199978
22981, 0.067507
97, 0.059305
2, 0.059270
