records,frag
468420, 0.209982
47487, 0.067847
689, 0.050529
4, 0.050274
