records,frag
511998, 0.310014
193302, 0.172017
69885, 0.104391
24861, 0.077141
8840, 0.067042
3152, 0.063399
1131, 0.062093
407, 0.061624
147, 0.061455
51, 0.061394
18, 0.061373
7, 0.061366
3, 0.061363
