records,frag
105875, 0.144994
15, 0.114476
0, 0.114471
