records,frag
509500, 0.458648
339667, 0.350695
226445, 0.251141
146098, 0.165880
72216, 0.099751
41636, 0.063033
20751, 0.040470
8977, 0.028814
4643, 0.023684
2542, 0.021010
1549, 0.019540
942, 0.018642
517, 0.018095
290, 0.017795
140, 0.017627
64, 0.017547
34, 0.017511
21, 0.017491
12, 0.017479
7, 0.017472
3, 0.017469
