records,frag
511902, 0.280006
171620, 0.136040
57348, 0.073963
19113, 0.051182
6342, 0.043338
2094, 0.040706
678, 0.039834
218, 0.039552
65, 0.039462
18, 0.039435
5, 0.039428
