records,frag
243322, 0.315359
162215, 0.232998
108144, 0.166122
72096, 0.114659
48064, 0.076669
32043, 0.049479
20467, 0.030444
10658, 0.017882
6748, 0.011212
3526, 0.006941
2235, 0.004695
1163, 0.003266
710, 0.002522
374, 0.002068
187, 0.001829
106, 0.001710
61, 0.001642
29, 0.001604
16, 0.001586
9, 0.001577
5, 0.001571
