records,frag
333984, 0.179972
2883, 0.079945
1, 0.078975
