records,frag
500499, 0.230009
116162, 0.080143
11529, 0.036625
288, 0.032081
1, 0.031967
