records,frag
15, 0.070016
0, 0.070011
