records,frag
63, 0.075011
0, 0.074992
