records,frag
511995, 0.305008
185851, 0.166011
66007, 0.100726
23106, 0.075010
8130, 0.065657
2850, 0.062320
1007, 0.061145
348, 0.060730
120, 0.060586
44, 0.060537
17, 0.060519
7, 0.060513
3, 0.060511
