records,frag
512000, 0.325011
228322, 0.190014
82324, 0.110699
32830, 0.078152
12253, 0.064499
4775, 0.059299
1840, 0.057258
712, 0.056469
274, 0.056163
106, 0.056046
44, 0.056001
17, 0.055983
8, 0.055976
4, 0.055974
