records,frag
453821, 0.204985
34071, 0.067182
316, 0.054883
1, 0.054768
