records,frag
198179, 0.159990
157, 0.102063
1, 0.102014
