records,frag
81222, 0.139997
5, 0.116641
