records,frag
492842, 0.464955
328562, 0.360385
219042, 0.264563
146028, 0.182959
92842, 0.117693
47367, 0.070486
28786, 0.044400
14940, 0.027820
7084, 0.018986
3882, 0.014742
1888, 0.012400
937, 0.011257
483, 0.010690
250, 0.010397
146, 0.010245
84, 0.010158
45, 0.010107
26, 0.010080
13, 0.010065
7, 0.010058
4, 0.010054
