records,frag
391548, 0.189978
9008, 0.071654
10, 0.068524
1, 0.068521
