records,frag
502261, 0.464883
376696, 0.389275
282522, 0.316887
211891, 0.250235
155647, 0.191038
105207, 0.141233
76394, 0.103943
51962, 0.074771
36462, 0.053819
24600, 0.038541
16136, 0.027951
10774, 0.020877
6999, 0.016097
4483, 0.012967
2936, 0.010953
2019, 0.009628
1406, 0.008716
992, 0.008080
697, 0.007631
496, 0.007315
346, 0.007090
241, 0.006933
166, 0.006824
106, 0.006750
71, 0.006703
48, 0.006672
31, 0.006650
23, 0.006637
16, 0.006628
10, 0.006621
8, 0.006617
5, 0.006613
