records,frag
14, 0.040010
2, 0.040007
