records,frag
382199, 0.139997
33683, 0.051492
1326, 0.042811
26, 0.042467
2, 0.042461
