records,frag
512000, 0.340020
374077, 0.245738
187397, 0.157838
114952, 0.105624
64042, 0.070265
39337, 0.049326
21788, 0.035990
13375, 0.028441
7399, 0.023750
4555, 0.021135
2508, 0.019519
1552, 0.018626
850, 0.018073
537, 0.017770
289, 0.017579
182, 0.017476
98, 0.017412
63, 0.017378
35, 0.017356
23, 0.017345
14, 0.017338
10, 0.017333
6, 0.017331
