records,frag
512000, 0.364997
383583, 0.274282
210961, 0.187303
134253, 0.129952
76104, 0.089043
49158, 0.064097
28387, 0.047244
17723, 0.037234
10596, 0.030878
6392, 0.027036
3943, 0.024704
2322, 0.023261
1434, 0.022410
859, 0.021883
527, 0.021568
320, 0.021375
197, 0.021257
114, 0.021185
73, 0.021144
43, 0.021118
27, 0.021103
17, 0.021094
12, 0.021088
7, 0.021084
