records,frag
1574, 0.060018
2, 0.059657
