records,frag
512000, 0.345018
377788, 0.251450
191155, 0.163248
118450, 0.110199
65672, 0.073813
41547, 0.052327
22464, 0.038213
14660, 0.030405
7611, 0.025240
5196, 0.022538
2622, 0.020684
1784, 0.019747
906, 0.019107
622, 0.018783
316, 0.018560
210, 0.018447
106, 0.018372
78, 0.018335
39, 0.018308
26, 0.018295
15, 0.018286
11, 0.018282
7, 0.018279
