records,frag
512000, 0.274997
262664, 0.171425
133420, 0.105898
67304, 0.068479
33851, 0.048388
16927, 0.037953
8460, 0.032649
4212, 0.029976
2105, 0.028640
1049, 0.027971
518, 0.027637
261, 0.027473
131, 0.027390
68, 0.027349
34, 0.027328
19, 0.027317
10, 0.027312
5, 0.027310
