records,frag
511998, 0.409976
383999, 0.325687
276769, 0.244771
170962, 0.173267
98803, 0.121913
66312, 0.089218
44449, 0.065874
27822, 0.049545
15927, 0.039031
11196, 0.032907
7689, 0.028555
4772, 0.025544
2747, 0.023665
1876, 0.022582
1298, 0.021839
823, 0.021326
463, 0.021001
314, 0.020819
220, 0.020695
145, 0.020607
79, 0.020550
55, 0.020520
41, 0.020499
26, 0.020484
16, 0.020474
11, 0.020468
8, 0.020464
6, 0.020461
