records,frag
512000, 0.379995
383975, 0.291423
235424, 0.206400
134595, 0.143379
92398, 0.102639
55219, 0.072353
32286, 0.053258
21521, 0.041724
12964, 0.033879
7596, 0.029091
5240, 0.026263
3063, 0.024303
1850, 0.023154
1214, 0.022459
717, 0.022003
446, 0.021733
287, 0.021566
170, 0.021459
109, 0.021395
73, 0.021355
39, 0.021328
28, 0.021314
20, 0.021303
10, 0.021296
7, 0.021293
