records,frag
512000, 0.374998
383926, 0.285712
226976, 0.200016
135244, 0.138943
87477, 0.097907
51260, 0.069216
32029, 0.051539
20204, 0.040150
11761, 0.032823
7613, 0.028507
4602, 0.025692
2758, 0.023984
1790, 0.022957
1056, 0.022290
650, 0.021895
410, 0.021653
236, 0.021501
154, 0.021412
92, 0.021355
56, 0.021321
37, 0.021300
20, 0.021287
14, 0.021279
10, 0.021275
6, 0.021272
