records,frag
512000, 0.360006
383088, 0.268578
204381, 0.181041
131644, 0.125183
72115, 0.084984
47942, 0.061358
25928, 0.044964
17417, 0.035857
9432, 0.029641
6290, 0.026241
3405, 0.023961
2289, 0.022723
1235, 0.021889
830, 0.021439
453, 0.021136
300, 0.020971
162, 0.020861
110, 0.020803
60, 0.020763
39, 0.020741
21, 0.020728
16, 0.020721
8, 0.020715
6, 0.020712
