records,frag
500538, 0.179972
129623, 0.065814
31689, 0.030876
7373, 0.021933
1638, 0.019829
330, 0.019361
51, 0.019267
12, 0.019253
2, 0.019250
