records,frag
12660, 0.075011
0, 0.072143
