records,frag
507145, 0.462420
380359, 0.386040
285270, 0.312815
213910, 0.245306
150327, 0.185291
105395, 0.137066
73608, 0.099704
50757, 0.071631
34171, 0.051231
22593, 0.036986
14540, 0.027329
9233, 0.021011
6009, 0.016957
4116, 0.014301
2937, 0.012472
2085, 0.011164
1483, 0.010234
1038, 0.009571
716, 0.009108
476, 0.008787
290, 0.008573
187, 0.008444
133, 0.008361
90, 0.008302
66, 0.008263
47, 0.008234
33, 0.008214
24, 0.008200
16, 0.008189
10, 0.008182
6, 0.008178
