records,frag
478852, 0.164983
102910, 0.054440
18791, 0.026751
2742, 0.021520
297, 0.020752
18, 0.020670
2, 0.020665
