records,frag
511941, 0.434953
383956, 0.354238
287836, 0.276752
192837, 0.205263
133284, 0.148903
80397, 0.105036
49023, 0.076318
33365, 0.057886
23283, 0.044914
16127, 0.035649
10233, 0.029126
6338, 0.024941
4049, 0.022331
2802, 0.020656
1919, 0.019494
1302, 0.018698
787, 0.018157
484, 0.017830
339, 0.017628
241, 0.017488
163, 0.017388
105, 0.017321
62, 0.017278
42, 0.017253
30, 0.017236
22, 0.017224
16, 0.017216
10, 0.017209
6, 0.017206
