records,frag
34307, 0.084984
7, 0.077256
