records,frag
511998, 0.414974
383999, 0.331399
281509, 0.251168
178060, 0.178938
102596, 0.125589
69096, 0.091580
47575, 0.067145
30335, 0.049542
17459, 0.037968
11472, 0.031179
8103, 0.026664
5421, 0.023451
2989, 0.021290
1981, 0.020094
1450, 0.019300
922, 0.018718
550, 0.018348
356, 0.018128
252, 0.017985
164, 0.017883
96, 0.017817
61, 0.017778
44, 0.017754
31, 0.017737
17, 0.017725
13, 0.017719
8, 0.017714
6, 0.017711
