records,frag
408860, 0.144994
47016, 0.050184
2934, 0.037917
91, 0.037141
3, 0.037118
