records,frag
512000, 0.295020
286627, 0.194309
152730, 0.124274
77371, 0.081742
40325, 0.058580
21202, 0.046039
11113, 0.039311
5801, 0.035746
3032, 0.033875
1580, 0.032894
821, 0.032382
430, 0.032116
224, 0.031977
115, 0.031904
65, 0.031868
35, 0.031847
18, 0.031837
10, 0.031831
6, 0.031829
