records,frag
512000, 0.394977
383999, 0.308545
257939, 0.225571
141972, 0.157676
93034, 0.114968
67113, 0.084553
36432, 0.061280
23888, 0.048145
15843, 0.039330
8917, 0.033395
5818, 0.030022
4153, 0.027808
2251, 0.026222
1491, 0.025361
1003, 0.024791
567, 0.024407
364, 0.024190
264, 0.024050
147, 0.023949
96, 0.023893
65, 0.023857
37, 0.023832
25, 0.023818
18, 0.023809
10, 0.023803
8, 0.023800
5, 0.023797
