records,frag
511981, 0.244988
253953, 0.137134
118367, 0.071332
50191, 0.037107
20431, 0.021821
8209, 0.015460
3316, 0.012880
1348, 0.011834
541, 0.011409
226, 0.011238
90, 0.011167
40, 0.011139
16, 0.011127
7, 0.011122
