records,frag
511981, 0.424993
383986, 0.342851
286673, 0.263996
187041, 0.191572
115695, 0.136108
70658, 0.097823
49465, 0.072726
34598, 0.054308
22018, 0.040986
13230, 0.032311
8624, 0.027023
6047, 0.023544
4096, 0.021091
2557, 0.019422
1488, 0.018377
1022, 0.017768
732, 0.017350
490, 0.017050
307, 0.016849
186, 0.016725
125, 0.016649
91, 0.016598
59, 0.016562
41, 0.016539
24, 0.016523
17, 0.016513
11, 0.016506
9, 0.016503
6, 0.016500
