records,frag
132047, 0.104975
451, 0.075161
4, 0.075056
