records,frag
511862, 0.439903
383897, 0.359902
287900, 0.283104
196942, 0.212222
138202, 0.155075
87008, 0.109757
52854, 0.078645
34499, 0.058661
23903, 0.045144
16324, 0.035549
11264, 0.028884
7090, 0.024231
4351, 0.021280
2814, 0.019461
1960, 0.018281
1355, 0.017456
941, 0.016887
597, 0.016491
356, 0.016239
236, 0.016089
158, 0.015990
115, 0.015924
77, 0.015876
49, 0.015844
30, 0.015824
21, 0.015812
16, 0.015804
11, 0.015797
7, 0.015794
