records,frag
493015, 0.465047
369762, 0.390271
277322, 0.318864
207992, 0.253275
155649, 0.195149
106834, 0.145365
76896, 0.107472
53262, 0.078049
37643, 0.056506
25954, 0.040664
17723, 0.029428
11953, 0.021604
7924, 0.016254
5217, 0.012676
3379, 0.010306
2182, 0.008765
1440, 0.007768
991, 0.007109
699, 0.006656
496, 0.006336
358, 0.006108
252, 0.005945
177, 0.005829
123, 0.005748
87, 0.005693
61, 0.005654
40, 0.005627
28, 0.005608
19, 0.005596
13, 0.005588
8, 0.005583
6, 0.005579
