records,frag
488312, 0.169987
113156, 0.057643
23661, 0.027128
4292, 0.020496
634, 0.019284
75, 0.019105
11, 0.019084
3, 0.019082
