records,frag
466849, 0.159989
90476, 0.051931
13793, 0.027691
1494, 0.023887
108, 0.023473
9, 0.023443
2, 0.023441
