records,frag
73825, 0.094967
57, 0.078356
1, 0.078343
