records,frag
495293, 0.174980
121706, 0.061495
27840, 0.028664
5835, 0.020829
1081, 0.019171
164, 0.018864
22, 0.018817
4, 0.018811
