records,frag
279910, 0.124985
8434, 0.060803
75, 0.058724
3, 0.058706
