records,frag
21711, 0.079999
3, 0.075097
