records,frag
6977, 0.070015
1, 0.068428
