records,frag
511712, 0.444812
383784, 0.365525
287838, 0.289415
202877, 0.219166
140291, 0.160682
92362, 0.114837
57538, 0.081818
35483, 0.059974
23997, 0.045978
17248, 0.036274
12064, 0.029176
8102, 0.024148
5079, 0.020744
3163, 0.018598
2080, 0.017257
1466, 0.016373
1059, 0.015749
713, 0.015299
444, 0.014995
276, 0.014806
182, 0.014688
131, 0.014611
94, 0.014556
66, 0.014517
38, 0.014490
27, 0.014474
19, 0.014464
15, 0.014457
11, 0.014452
8, 0.014449
5, 0.014445
