records,frag
511865, 0.225013
235479, 0.114334
82465, 0.052055
28861, 0.028122
9895, 0.019457
3406, 0.016452
1190, 0.015414
418, 0.015051
154, 0.014924
51, 0.014877
21, 0.014862
6, 0.014856
