records,frag
512000, 0.290006
278159, 0.188578
146707, 0.120305
74931, 0.079453
38450, 0.057090
19838, 0.045187
10260, 0.038928
5313, 0.035658
2746, 0.033956
1424, 0.033075
736, 0.032617
391, 0.032380
198, 0.032255
101, 0.032192
52, 0.032160
27, 0.032143
15, 0.032135
9, 0.032131
6, 0.032129
