records,frag
512000, 0.320011
342428, 0.222869
171029, 0.140776
97626, 0.092918
56412, 0.063131
30691, 0.045010
16837, 0.034854
9230, 0.029191
5195, 0.026058
2899, 0.024287
1606, 0.023296
881, 0.022746
498, 0.022444
281, 0.022274
154, 0.022178
90, 0.022126
50, 0.022096
31, 0.022079
17, 0.022069
10, 0.022064
7, 0.022061
