records,frag
511570, 0.214992
213918, 0.102956
65485, 0.046024
21761, 0.027122
6977, 0.020674
2245, 0.018589
737, 0.017917
221, 0.017696
72, 0.017630
25, 0.017608
7, 0.017601
