records,frag
511993, 0.419989
383995, 0.337131
284757, 0.257588
183173, 0.185071
107978, 0.130433
70154, 0.094652
49701, 0.069784
33135, 0.051323
19162, 0.038603
11995, 0.031090
8758, 0.026328
5968, 0.022822
3497, 0.020417
2156, 0.019003
1528, 0.018129
1055, 0.017508
638, 0.017081
394, 0.016822
271, 0.016662
189, 0.016553
117, 0.016477
73, 0.016429
49, 0.016400
31, 0.016381
21, 0.016369
14, 0.016361
10, 0.016356
7, 0.016353
