records,frag
512000, 0.264994
258275, 0.159993
129114, 0.094759
64191, 0.058196
31642, 0.038897
15434, 0.029090
7472, 0.024234
3574, 0.021865
1703, 0.020729
814, 0.020187
386, 0.019928
183, 0.019805
85, 0.019748
40, 0.019721
20, 0.019708
9, 0.019702
4, 0.019699
