records,frag
451097, 0.154997
76676, 0.050419
9127, 0.030014
704, 0.027528
32, 0.027335
1, 0.027326
