records,frag
243220, 0.315267
182415, 0.255309
136812, 0.202967
102609, 0.158612
76957, 0.121966
57718, 0.092315
43289, 0.068729
32351, 0.050219
21685, 0.035899
16122, 0.026056
10855, 0.018607
8056, 0.013528
5427, 0.009723
4015, 0.007145
2708, 0.005230
1968, 0.003932
1337, 0.002988
905, 0.002345
647, 0.001910
443, 0.001600
291, 0.001388
212, 0.001249
144, 0.001147
94, 0.001077
63, 0.001033
42, 0.001004
30, 0.000984
20, 0.000971
15, 0.000961
10, 0.000956
8, 0.000952
5, 0.000948
