records,frag
78, 0.045017
2, 0.045000
