records,frag
100571, 0.099964
188, 0.077310
0, 0.077266
