records,frag
51739, 0.089975
15, 0.078333
3, 0.078331
