records,frag
512000, 0.280006
266475, 0.177150
136870, 0.111057
69664, 0.072804
35227, 0.052042
17745, 0.041185
8942, 0.035622
4528, 0.032794
2278, 0.031356
1151, 0.030631
586, 0.030265
299, 0.030079
154, 0.029985
78, 0.029936
39, 0.029912
21, 0.029900
11, 0.029894
7, 0.029892
