records,frag
372059, 0.409249
279045, 0.339787
209284, 0.275932
156963, 0.219302
117723, 0.170654
88293, 0.129994
66040, 0.096783
44977, 0.070235
32838, 0.051244
22535, 0.036881
16364, 0.026771
11208, 0.019294
8026, 0.014107
5496, 0.010359
3835, 0.007776
2649, 0.005967
1805, 0.004713
1243, 0.003856
853, 0.003267
567, 0.002862
379, 0.002593
249, 0.002414
170, 0.002296
114, 0.002216
75, 0.002163
50, 0.002128
34, 0.002105
23, 0.002090
18, 0.002081
12, 0.002073
9, 0.002067
7, 0.002063
