records,frag
512000, 0.355008
382058, 0.262866
199298, 0.174912
127535, 0.120148
69400, 0.081120
46108, 0.058391
24207, 0.042659
16812, 0.034188
8795, 0.028215
5878, 0.025062
3095, 0.022943
2140, 0.021825
1120, 0.021049
750, 0.020643
398, 0.020371
272, 0.020227
142, 0.020128
96, 0.020077
49, 0.020042
36, 0.020025
18, 0.020012
14, 0.020006
8, 0.020002
5, 0.019999
