records,frag
512001, 0.399976
384001, 0.314258
264540, 0.231969
151761, 0.162756
93275, 0.117111
65110, 0.086503
39709, 0.063848
24052, 0.049472
16166, 0.040547
10354, 0.034454
6112, 0.030511
3966, 0.028168
2729, 0.026642
1565, 0.025590
984, 0.024985
699, 0.024604
420, 0.024335
250, 0.024172
176, 0.024076
111, 0.024008
65, 0.023966
45, 0.023941
30, 0.023924
18, 0.023913
12, 0.023907
9, 0.023902
5, 0.023899
