records,frag
511729, 0.220007
225909, 0.108647
73553, 0.048688
24993, 0.027387
8245, 0.019930
2760, 0.017445
894, 0.016611
297, 0.016340
97, 0.016251
29, 0.016222
12, 0.016213
4, 0.016210
