records,frag
512000, 0.315014
331005, 0.217158
170043, 0.137502
92503, 0.089931
52987, 0.061781
28196, 0.044858
15534, 0.035601
8483, 0.030424
4652, 0.027575
2565, 0.026004
1409, 0.025136
768, 0.024659
424, 0.024399
230, 0.024255
128, 0.024178
73, 0.024134
39, 0.024110
22, 0.024098
13, 0.024091
8, 0.024087
4, 0.024084
