records,frag
511991, 0.250001
255301, 0.142861
123220, 0.077122
55886, 0.041646
24076, 0.024642
10187, 0.017129
4208, 0.013916
1745, 0.012582
735, 0.012028
303, 0.011796
136, 0.011700
53, 0.011657
26, 0.011641
10, 0.011633
5, 0.011630
