records,frag
512000, 0.404966
384000, 0.319961
270948, 0.238356
161946, 0.167901
95324, 0.119203
63478, 0.087778
42846, 0.065578
26025, 0.049973
15198, 0.040237
10828, 0.034459
7037, 0.030300
4233, 0.027578
2616, 0.025933
1842, 0.024913
1148, 0.024195
693, 0.023746
452, 0.023476
306, 0.023299
182, 0.023180
112, 0.023109
81, 0.023066
51, 0.023034
29, 0.023015
22, 0.023004
14, 0.022997
11, 0.022992
8, 0.022989
5, 0.022986
