records,frag
242199, 0.119978
4609, 0.064672
22, 0.063552
2, 0.063547
