records,frag
512000, 0.369995
383802, 0.279994
218251, 0.193644
135626, 0.134627
81465, 0.093393
49839, 0.066680
30813, 0.049549
18423, 0.038639
11480, 0.031996
6934, 0.027809
4203, 0.025264
2604, 0.023715
1564, 0.022752
968, 0.022173
587, 0.021814
360, 0.021597
224, 0.021464
135, 0.021381
81, 0.021332
54, 0.021302
31, 0.021283
21, 0.021272
13, 0.021265
8, 0.021260
6, 0.021257
