records,frag
506880, 0.189978
147560, 0.075581
39200, 0.035946
10350, 0.024839
2703, 0.021864
677, 0.021085
171, 0.020889
41, 0.020841
12, 0.020829
2, 0.020826
