records,frag
511999, 0.269994
260038, 0.165708
130934, 0.100441
65534, 0.063554
32671, 0.043932
16232, 0.033840
8028, 0.028746
3950, 0.026207
1944, 0.024953
940, 0.024335
459, 0.024036
225, 0.023890
112, 0.023819
55, 0.023783
29, 0.023767
15, 0.023758
8, 0.023754
4, 0.023751
