records,frag
504480, 0.184975
137822, 0.070494
35224, 0.033402
8766, 0.023442
2125, 0.020932
503, 0.020321
117, 0.020178
19, 0.020144
6, 0.020140
