records,frag
512000, 0.310014
318894, 0.211444
167686, 0.134429
88546, 0.087570
48905, 0.060719
26384, 0.045201
14026, 0.036613
7701, 0.031986
4186, 0.029426
2242, 0.028029
1217, 0.027280
664, 0.026873
357, 0.026650
197, 0.026531
102, 0.026465
59, 0.026432
33, 0.026413
19, 0.026402
11, 0.026397
7, 0.026394
