records,frag
204194, 0.114978
2320, 0.068543
2, 0.067988
