records,frag
249, 0.050016
3, 0.049959
