records,frag
511361, 0.449637
383521, 0.371070
287641, 0.295658
209193, 0.226060
141216, 0.166134
97789, 0.120145
63849, 0.085209
39181, 0.060861
24829, 0.045268
16974, 0.035116
12141, 0.028051
8485, 0.022933
5777, 0.019325
3682, 0.016853
2314, 0.015272
1481, 0.014275
1025, 0.013637
728, 0.013194
501, 0.012879
350, 0.012663
223, 0.012513
141, 0.012417
92, 0.012357
63, 0.012317
42, 0.012291
30, 0.012274
23, 0.012261
14, 0.012253
10, 0.012248
7, 0.012244
