records,frag
166826, 0.109984
1069, 0.072196
1, 0.071944
