records,frag
512000, 0.384988
383991, 0.297129
243516, 0.212788
134854, 0.147948
94696, 0.107227
60068, 0.076224
32937, 0.055418
22507, 0.043606
14650, 0.035364
7808, 0.029923
5445, 0.026997
3601, 0.024947
1891, 0.023587
1332, 0.022872
855, 0.022366
462, 0.022043
327, 0.021868
211, 0.021745
118, 0.021666
80, 0.021622
52, 0.021592
27, 0.021572
21, 0.021563
14, 0.021555
8, 0.021551
6, 0.021548
