records,frag
3512, 0.065004
0, 0.064202
