records,frag
511227, 0.209982
200188, 0.097318
58615, 0.043927
18847, 0.027078
5787, 0.021535
1797, 0.019820
576, 0.019287
176, 0.019115
55, 0.019063
19, 0.019048
9, 0.019043
4, 0.019041
