records,frag
509929, 0.199978
171461, 0.086218
46913, 0.040333
14108, 0.026965
3950, 0.022872
1127, 0.021720
310, 0.021392
82, 0.021302
26, 0.021278
9, 0.021271
3, 0.021269
