records,frag
511998, 0.259999
257157, 0.154285
127751, 0.088914
62612, 0.052532
30116, 0.033618
14184, 0.024249
6566, 0.019773
3005, 0.017688
1358, 0.016730
610, 0.016298
271, 0.016104
126, 0.016018
57, 0.015978
28, 0.015961
13, 0.015952
6, 0.015948
