records,frag
508713, 0.194972
158651, 0.080812
42966, 0.038279
12048, 0.026075
3271, 0.022597
907, 0.021649
245, 0.021387
66, 0.021316
19, 0.021297
8, 0.021293
3, 0.021290
