records,frag
432325, 0.149996
61659, 0.049693
5401, 0.033427
245, 0.031975
2, 0.031910
