records,frag
512000, 0.325011
352830, 0.228584
174487, 0.144349
103284, 0.095506
57321, 0.063875
32848, 0.045347
18051, 0.034395
10200, 0.028270
5645, 0.024774
3224, 0.022828
1783, 0.021714
1015, 0.021097
555, 0.020746
322, 0.020555
176, 0.020444
103, 0.020383
56, 0.020348
35, 0.020328
20, 0.020317
13, 0.020310
7, 0.020306
