records,frag
511910, 0.230009
243411, 0.120033
92375, 0.055917
33183, 0.029070
11992, 0.019050
4307, 0.015377
1533, 0.014053
547, 0.013580
200, 0.013412
76, 0.013351
28, 0.013327
9, 0.013318
4, 0.013316
