records,frag
511972, 0.239989
251731, 0.131423
111528, 0.065809
43915, 0.033460
17210, 0.020100
6641, 0.014763
2632, 0.012689
1028, 0.011864
415, 0.011541
159, 0.011412
61, 0.011363
26, 0.011344
13, 0.011336
6, 0.011333
