records,frag
510772, 0.454324
383079, 0.376477
287310, 0.301770
213323, 0.232831
142355, 0.172143
102229, 0.126006
68487, 0.089568
43086, 0.063409
27374, 0.046168
17798, 0.034881
12380, 0.027398
8909, 0.022124
6208, 0.018293
4246, 0.015606
2779, 0.013760
1749, 0.012549
1089, 0.011785
747, 0.011309
531, 0.010983
373, 0.010752
265, 0.010589
173, 0.010473
115, 0.010398
72, 0.010348
48, 0.010317
32, 0.010296
23, 0.010282
16, 0.010273
12, 0.010266
9, 0.010261
6, 0.010257
