records,frag
511966, 0.429974
383975, 0.348545
287548, 0.270375
189917, 0.198337
125058, 0.142414
73114, 0.101124
47438, 0.075090
34386, 0.057376
23890, 0.044106
15473, 0.034665
9049, 0.028450
5852, 0.024778
4167, 0.022389
2939, 0.020681
1875, 0.019474
1097, 0.018702
729, 0.018250
524, 0.017949
351, 0.017733
225, 0.017589
136, 0.017496
85, 0.017440
64, 0.017405
45, 0.017379
29, 0.017361
17, 0.017349
12, 0.017343
9, 0.017338
6, 0.017334
