records,frag
512000, 0.335014
368622, 0.240017
183215, 0.152890
111672, 0.101705
61913, 0.067357
37166, 0.047157
20722, 0.034606
12277, 0.027464
6971, 0.023183
4071, 0.020736
2332, 0.019301
1353, 0.018477
773, 0.017999
447, 0.017725
256, 0.017568
146, 0.017477
88, 0.017426
49, 0.017395
30, 0.017378
18, 0.017368
11, 0.017362
8, 0.017360
4, 0.017357
