records,frag
512000, 0.350011
380427, 0.257156
194949, 0.168943
122804, 0.115094
67244, 0.077438
43901, 0.055428
23153, 0.040483
15787, 0.032409
8090, 0.026827
5554, 0.023941
2850, 0.021950
1946, 0.020926
994, 0.020226
689, 0.019868
352, 0.019619
239, 0.019492
122, 0.019407
84, 0.019364
45, 0.019333
30, 0.019317
16, 0.019307
12, 0.019302
6, 0.019297
