records,frag
512000, 0.305007
307513, 0.205723
163848, 0.131176
84849, 0.085442
45300, 0.059813
24457, 0.045533
12950, 0.037642
6903, 0.033411
3710, 0.031141
1973, 0.029917
1059, 0.029264
564, 0.028915
304, 0.028728
162, 0.028627
91, 0.028574
49, 0.028545
27, 0.028529
17, 0.028521
9, 0.028516
5, 0.028513
