records,frag
512000, 0.300020
296416, 0.200023
158615, 0.127896
80681, 0.083687
42490, 0.059435
22536, 0.046140
11873, 0.038934
6265, 0.035095
3338, 0.033056
1742, 0.031967
918, 0.031398
496, 0.031098
267, 0.030936
142, 0.030849
74, 0.030803
39, 0.030780
22, 0.030768
11, 0.030761
7, 0.030759
