records,frag
512000, 0.389984
383996, 0.302839
250853, 0.219181
136567, 0.152765
94563, 0.111628
64585, 0.080721
34075, 0.058346
23281, 0.046098
15794, 0.037544
8310, 0.031653
5708, 0.028525
3925, 0.026364
2075, 0.024873
1395, 0.024084
959, 0.023553
506, 0.023188
347, 0.022996
232, 0.022864
122, 0.022776
87, 0.022730
62, 0.022698
34, 0.022675
22, 0.022663
17, 0.022655
11, 0.022649
7, 0.022646
