records,frag
705, 0.055028
1, 0.054865
