records,frag
511956, 0.235011
248407, 0.125738
102312, 0.060632
38269, 0.030908
14455, 0.019301
5436, 0.014845
2024, 0.013158
787, 0.012529
288, 0.012285
116, 0.012195
44, 0.012159
14, 0.012145
7, 0.012142
