records,frag
512000, 0.285006
271564, 0.182864
141359, 0.115872
72224, 0.076461
36622, 0.054936
18736, 0.043635
9574, 0.037747
4916, 0.034711
2486, 0.033145
1265, 0.032351
642, 0.031947
325, 0.031742
168, 0.031638
85, 0.031585
44, 0.031558
22, 0.031544
12, 0.031537
6, 0.031533
