records,frag
317208, 0.129992
14122, 0.056960
218, 0.053423
3, 0.053369
