records,frag
510785, 0.204985
185892, 0.091719
52438, 0.042050
16346, 0.027042
4813, 0.022267
1429, 0.020853
426, 0.020432
127, 0.020307
37, 0.020270
11, 0.020260
6, 0.020257
