records,frag
351375, 0.134995
22593, 0.053829
525, 0.048086
3, 0.047952
