records,frag
511996, 0.255006
256303, 0.148579
126060, 0.083003
60119, 0.046897
27533, 0.028659
12246, 0.020071
5387, 0.016202
2325, 0.014492
1015, 0.013752
426, 0.013429
187, 0.013294
85, 0.013235
38, 0.013208
17, 0.013197
8, 0.013192
4, 0.013189
