records,frag
509532, 0.458665
382149, 0.381545
286612, 0.307560
214555, 0.239309
144961, 0.178711
104762, 0.131992
71047, 0.094779
47546, 0.067673
31330, 0.048607
19763, 0.035613
12417, 0.027232
8259, 0.021891
5849, 0.018308
4217, 0.015753
3016, 0.013903
2104, 0.012576
1416, 0.011647
926, 0.011022
587, 0.010613
377, 0.010354
247, 0.010188
176, 0.010080
125, 0.010002
88, 0.009947
62, 0.009908
43, 0.009881
29, 0.009863
17, 0.009851
12, 0.009844
9, 0.009839
7, 0.009835
