records,frag
512000, 0.330010
361432, 0.234297
178756, 0.148419
108033, 0.098408
59541, 0.065230
34853, 0.045880
19528, 0.034177
11210, 0.027493
6334, 0.023615
3589, 0.021411
2062, 0.020157
1166, 0.019436
664, 0.019028
382, 0.018795
214, 0.018661
123, 0.018587
75, 0.018545
42, 0.018520
26, 0.018506
15, 0.018497
11, 0.018493
7, 0.018490
